{
  "levels": [
    "Kn",
    "Cm",
    "Ap",
    "An",
    "Sn",
    "Ev"
  ],
  "thresholds_tuning": [
    0.9108635097493036,
    0.8050139275766016,
    0.637883008356546,
    0.7298050139275766,
    0.6768802228412256,
    0.883008356545961
  ],
  "thresholds_oof_aligned": [
    0.9634184400513398,
    0.9504870304804282,
    0.8822835687352696,
    0.8673143725351131,
    0.868682528082997,
    0.9445740533219593
  ]
}